{
	"number_of_vertices": 15654,
	"number_of_edges": 36204,
	"number_of_connected_components": 1929,
	"average_connected_component_size": 8.115086,
	"smallest_connected_component_size": 1,
	"largest_connected_component_size": 11613,
	"average_diameter": 0.666667,
	"smallest_diameter": 0,
	"largest_diameter": 57,
	"connected_component_sizes": [11613, 1, 2, 13, 4, 3, 8, 5, 1, 1, 4, 8, 4, 1, 6, 2, 1, 1, 5, 4, 2, 16, 7, 3, 14, 6, 2, 2, 1, 7, 6, 1, 7, 1, 1, 16, 5, 7, 3, 1, 3, 2, 12, 1, 1, 1, 1, 4, 1, 2, 1, 3, 7, 12, 1, 4, 3, 4, 5, 2, 6, 3, 1, 3, 1, 1, 5, 3, 13, 1, 2, 2, 4, 1, 1, 2, 2, 1, 3, 1, 1, 3, 5, 4, 8, 3, 2, 3, 3, 1, 1, 1, 30, 2, 1, 1, 1, 1, 4, 3, 8, 20, 6, 5, 1, 4, 29, 1, 9, 14, 7, 1, 9, 2, 6, 4, 4, 1, 1, 6, 1, 1, 17, 2, 3, 5, 6, 9, 1, 3, 2, 3, 1, 9, 1, 1, 1, 1, 1, 4, 2, 2, 1, 3, 12, 9, 4, 8, 10, 2, 3, 1, 2, 1, 1, 1, 1, 1, 1, 3, 21, 1, 9, 2, 1, 1, 16, 1, 1, 1, 3, 2, 6, 4, 1, 10, 2, 3, 1, 1, 1, 2, 4, 1, 4, 5, 3, 3, 1, 2, 1, 2, 7, 4, 7, 1, 1, 1, 3, 7, 6, 1, 3, 1, 1, 3, 1, 4, 1, 7, 3, 1, 1, 7, 3, 2, 1, 2, 3, 1, 1, 3, 1, 3, 10, 14, 5, 8, 1, 3, 1, 4, 2, 6, 2, 1, 1, 1, 2, 8, 1, 1, 6, 29, 1, 7, 7, 4, 1, 5, 3, 4, 3, 1, 2, 2, 2, 1, 2, 5, 3, 2, 3, 4, 1, 3, 1, 5, 24, 14, 8, 1, 2, 2, 3, 4, 16, 6, 1, 5, 7, 7, 1, 2, 3, 1, 5, 8, 1, 3, 1, 4, 2, 4, 10, 2, 1, 6, 1, 2, 2, 4, 1, 5, 1, 4, 1, 1, 4, 1, 1, 1, 1, 8, 1, 8, 2, 1, 1, 9, 4, 8, 2, 2, 1, 19, 4, 3, 1, 2, 6, 4, 6, 3, 1, 1, 3, 3, 4, 4, 2, 1, 7, 1, 13, 6, 3, 1, 1, 2, 4, 1, 1, 1, 4, 1, 2, 2, 1, 1, 2, 1, 3, 1, 1, 3, 1, 1, 1, 2, 1, 12, 1, 4, 1, 1, 4, 2, 1, 1, 1, 3, 3, 4, 1, 1, 1, 2, 1, 2, 4, 1, 4, 3, 1, 1, 17, 1, 4, 1, 1, 4, 2, 1, 1, 2, 9, 1, 5, 4, 5, 11, 1, 3, 1, 1, 4, 1, 1, 2, 1, 1, 2, 2, 1, 2, 1, 1, 1, 2, 1, 1, 1, 1, 3, 1, 2, 1, 1, 1, 1, 4, 9, 4, 1, 3, 17, 2, 3, 1, 4, 1, 2, 1, 1, 2, 1, 2, 1, 2, 1, 3, 1, 1, 2, 1, 3, 2, 2, 2, 4, 1, 4, 6, 6, 2, 1, 1, 1, 1, 2, 5, 1, 1, 3, 2, 3, 1, 8, 7, 2, 8, 1, 2, 2, 2, 1, 3, 4, 4, 3, 2, 1, 1, 1, 7, 1, 8, 2, 1, 2, 3, 3, 1, 1, 2, 1, 1, 1, 2, 1, 1, 1, 1, 2, 2, 1, 3, 3, 4, 2, 6, 6, 6, 1, 15, 2, 4, 2, 4, 1, 3, 1, 2, 1, 16, 2, 2, 1, 3, 2, 3, 2, 1, 6, 3, 2, 4, 1, 1, 1, 6, 1, 3, 3, 1, 2, 3, 3, 2, 7, 2, 2, 2, 1, 1, 4, 1, 6, 1, 3, 1, 2, 1, 3, 3, 1, 1, 1, 2, 1, 1, 2, 1, 2, 3, 1, 3, 2, 1, 2, 3, 3, 1, 4, 1, 1, 1, 2, 1, 2, 6, 2, 1, 1, 3, 1, 2, 3, 3, 1, 1, 2, 3, 2, 3, 1, 3, 3, 4, 1, 4, 3, 1, 1, 1, 3, 5, 1, 2, 4, 1, 1, 2, 2, 4, 3, 1, 4, 1, 1, 1, 1, 8, 1, 1, 1, 3, 3, 2, 2, 3, 1, 2, 1, 1, 3, 2, 2, 1, 4, 3, 1, 10, 1, 1, 2, 1, 2, 1, 1, 3, 4, 1, 1, 2, 1, 5, 1, 1, 9, 2, 3, 1, 3, 3, 1, 1, 1, 1, 2, 1, 1, 1, 1, 3, 1, 7, 1, 3, 1, 1, 3, 3, 1, 3, 1, 2, 1, 1, 1, 2, 1, 2, 1, 1, 1, 1, 1, 1, 1, 2, 3, 1, 1, 1, 1, 7, 1, 1, 2, 1, 1, 1, 2, 5, 8, 1, 4, 1, 5, 1, 4, 2, 1, 1, 1, 1, 1, 10, 1, 1, 8, 1, 2, 1, 1, 1, 1, 1, 3, 3, 3, 1, 2, 1, 2, 5, 1, 2, 1, 2, 1, 6, 1, 1, 1, 1, 1, 1, 1, 1, 1, 4, 1, 7, 1, 3, 1, 1, 1, 1, 1, 1, 2, 1, 1, 2, 2, 2, 2, 1, 3, 2, 4, 2, 1, 1, 1, 1, 2, 1, 1, 1, 2, 1, 1, 3, 3, 2, 2, 1, 3, 1, 1, 3, 1, 1, 1, 1, 4, 1, 3, 1, 2, 1, 1, 2, 5, 2, 6, 2, 3, 2, 1, 1, 2, 1, 2, 1, 1, 1, 1, 2, 1, 1, 1, 1, 1, 1, 1, 2, 2, 3, 1, 1, 2, 2, 1, 1, 1, 1, 1, 3, 1, 2, 1, 2, 1, 2, 1, 1, 3, 2, 1, 1, 1, 3, 1, 2, 4, 1, 1, 1, 1, 1, 4, 4, 1, 4, 1, 2, 4, 2, 1, 1, 5, 4, 1, 1, 1, 1, 3, 2, 1, 4, 5, 1, 1, 1, 1, 1, 1, 1, 1, 2, 3, 1, 1, 2, 1, 1, 3, 2, 2, 2, 1, 2, 6, 2, 1, 1, 2, 1, 4, 2, 1, 2, 3, 1, 1, 4, 2, 1, 1, 1, 5, 2, 1, 1, 4, 1, 1, 1, 4, 2, 3, 1, 1, 3, 1, 2, 1, 1, 3, 1, 1, 1, 1, 1, 1, 6, 1, 1, 3, 1, 1, 1, 1, 1, 1, 1, 1, 2, 2, 1, 3, 5, 1, 1, 1, 1, 3, 7, 3, 1, 2, 2, 1, 1, 1, 1, 1, 7, 1, 1, 2, 1, 6, 2, 1, 1, 1, 1, 1, 1, 1, 1, 1, 3, 5, 1, 1, 4, 1, 1, 1, 1, 1, 1, 1, 1, 1, 1, 1, 2, 1, 1, 1, 1, 1, 1, 4, 1, 1, 1, 2, 2, 1, 1, 1, 3, 2, 3, 1, 1, 1, 1, 1, 4, 1, 2, 3, 4, 6, 2, 1, 1, 2, 1, 1, 2, 1, 1, 1, 3, 2, 2, 1, 1, 1, 1, 1, 1, 3, 1, 2, 1, 1, 1, 1, 1, 1, 1, 13, 3, 2, 1, 2, 1, 1, 1, 1, 4, 7, 1, 1, 1, 1, 2, 1, 2, 1, 1, 1, 2, 1, 2, 1, 1, 1, 5, 2, 1, 1, 2, 1, 1, 1, 1, 1, 1, 1, 1, 1, 1, 3, 3, 3, 3, 1, 1, 1, 1, 1, 1, 1, 2, 1, 1, 1, 1, 2, 1, 1, 1, 2, 2, 1, 1, 1, 1, 1, 1, 1, 1, 2, 3, 2, 1, 1, 2, 1, 1, 1, 1, 3, 1, 2, 1, 1, 1, 3, 1, 1, 2, 1, 1, 2, 1, 2, 1, 1, 1, 1, 1, 3, 1, 1, 2, 1, 1, 1, 1, 1, 1, 1, 1, 4, 1, 4, 1, 5, 1, 2, 1, 2, 1, 4, 4, 2, 1, 1, 1, 1, 1, 1, 3, 1, 2, 1, 2, 1, 2, 1, 3, 1, 3, 1, 3, 1, 3, 1, 1, 2, 2, 1, 1, 1, 3, 3, 1, 2, 1, 1, 2, 3, 1, 1, 1, 3, 1, 1, 1, 1, 1, 1, 1, 2, 1, 1, 2, 1, 1, 1, 4, 1, 3, 1, 1, 3, 1, 2, 2, 1, 1, 3, 1, 1, 2, 1, 1, 1, 1, 1, 1, 1, 1, 1, 1, 4, 1, 1, 1, 1, 1, 1, 1, 1, 1, 4, 1, 2, 1, 1, 3, 4, 2, 2, 1, 3, 2, 1, 1, 2, 2, 4, 1, 2, 1, 2, 1, 2, 1, 1, 1, 3, 3, 1, 1, 1, 1, 2, 1, 1, 1, 1, 2, 2, 1, 2, 1, 1, 1, 3, 3, 2, 1, 1, 1, 1, 1, 3, 1, 1, 3, 1, 1, 1, 2, 2, 3, 1, 1, 1, 2, 4, 1, 2, 1, 7, 1, 2, 1, 2, 1, 2, 2, 2, 2, 1, 1, 1, 3, 1, 2, 1, 1, 1, 1, 1, 1, 1, 1, 1, 1, 2, 1, 1, 1, 1, 1, 1, 1, 1, 1, 1, 1, 1, 1, 1, 1, 1, 1, 1, 2, 1, 1, 2, 1, 1, 1, 1, 6, 1, 1, 1, 1, 1, 2, 1, 1, 1, 1, 2, 1, 1, 1, 1, 1, 1, 1, 1, 1, 1, 1, 1, 1, 1, 6, 1, 1, 1, 1, 1, 1, 1, 1, 1, 4, 1, 2, 1, 1, 1, 1, 1, 1, 1, 1, 1, 1, 1, 2, 1, 1, 1, 1, 1, 3, 1, 1, 1, 1, 1, 2, 1, 1, 3, 1, 2, 1, 1, 1, 1, 1, 2, 1, 1, 3, 1, 1, 1, 1, 1, 1, 1, 1, 1, 1, 1, 2, 1, 1, 2, 1, 2, 1, 2, 1, 1, 1, 2, 1, 1, 7, 1, 1, 1, 1, 1, 1, 1, 1, 2, 1, 2, 2, 1, 1, 1, 1, 1, 1, 1, 1, 1, 1, 1, 1, 2, 1, 1, 1, 1, 2, 1, 1, 1, 2, 1, 1, 2, 1, 1, 2, 1, 1, 1, 1, 1, 1, 1, 1, 2, 1, 1, 1, 1, 1, 1, 1, 1, 1, 1, 1, 1, 1, 1, 1, 1, 1, 1, 1, 1, 1, 1, 1, 1, 2, 2, 1, 1, 1, 1, 1, 1, 1, 1, 1, 1, 1, 1, 1, 1, 1, 1, 2, 1, 2, 1, 1, 1, 1, 1, 1, 1, 1, 1, 1, 1, 1, 1, 1, 1, 2, 1, 1, 1, 1, 1, 1, 1, 1, 1, 1, 1, 1, 1, 1, 1, 1, 1, 1, 1, 1, 1, 2, 1, 1, 1, 1, 1, 1, 1, 1, 1, 1, 1, 1, 1, 1, 1, 1, 1, 1, 1, 1, 1, 1, 1, 1, 1, 1, 1, 1, 1, 1, 1, 1, 1, 1, 1, 1, 1, 1, 1, 1, 1, 1, 1, 1, 1, 1, 1, 1, 1, 1, 1, 1, 1, 1, 1, 1, 1, 1, 1, 1, 1, 1, 1, 1, 1, 1, 1, 1, 1, 1, 1, 1, 1, 1, 1, 1, 1, 1, 1, 1, 1, 1, 1, 1, 1, 2, 1, 2, 1, 1, 1, 1, 1, 1, 1, 1, 1, 1, 1, 1, 1, 1, 1, 1, 1, 1, 1, 1, 1, 1, 3, 1, 2, 1, 1, 1, 1, 1, 1, 1, 1, 1, 1, 1, 1, 1, 1, 1, 1, 1, 1, 1, 1, 1, 1, 1, 1, 1, 1, 1, 1, 1, 2, 1, 1, 1, 1, 1, 1, 1, 1, 1, 1, 1, 1, 1, 1, 1, 2, 1, 1, 1, 1, 1, 1, 1, 1, 1, 2, 1, 1, 1, 1, 1, 1, 1, 1, 1, 1, 1, 1, 1, 1, 1, 1, 1, 1, 1, 1, 1, 1, 1, 1, 1, 1, 1, 1, 1, 1, 1, 1, 1, 1, 1, 1, 1, 1, 1, 1, 1, 1, 1, 1, 1, 1, 1, 1, 1, 1, 1, 1, 1, 1, 1, 1, 1, 1, 1, 1, 1, 1, 1, 1, 1, 1, 1, 1, 1, 1, 1, 1],